<?xml version="1.0" encoding="UTF-8"?>
<project-private xmlns="http://www.netbeans.org/ns/project-private/1">
    <editor-bookmarks xmlns="http://www.netbeans.org/ns/editor-bookmarks/2" lastBookmarkId="0"/>
    <open-files xmlns="http://www.netbeans.org/ns/projectui-open-files/2">
        <group>
            <file>file:/Users/mnanda021/NetBeansProjects/Book_Application/web/insert.xhtml</file>
            <file>file:/Users/mnanda021/NetBeansProjects/Book_Application/web/mainPage.xhtml</file>
            <file>file:/Users/mnanda021/NetBeansProjects/Book_Application/web/update.xhtml</file>
            <file>file:/Users/mnanda021/NetBeansProjects/Book_Application/web/index.xhtml</file>
            <file>file:/Users/mnanda021/NetBeansProjects/Book_Application/src/java/GUI/JDBCconnection.java</file>
            <file>file:/Users/mnanda021/NetBeansProjects/Book_Application/web/search.xhtml</file>
        </group>
    </open-files>
</project-private>
